id,firstName,lastName,email,gender,salary
1,Adolph,Alvin,aalvin0@wikia.com,Male,16420
2,Rutledge,Fyfe,rfyfe1@vk.com,Male,20619
3,Maitilde,Beeble,mbeeble2@telegraph.co.uk,Female,72174
4,Adiana,Gritsunov,agritsunov3@sina.com.cn,Female,6621
5,Indira,Adriani,iadriani4@kickstarter.com,Bigender,45083
6,Gloria,Ells,gells5@dyndns.org,Female,68738
7,Devlin,Iremonger,diremonger6@examiner.com,Male,48356
8,Dorotea,Hubatsch,dhubatsch7@lulu.com,Female,3306
9,Harv,Warner,hwarner8@nbcnews.com,Male,52649
10,Averell,Weekland,aweekland9@slate.com,Male,41243
11,Demetris,Conahy,dconahya@pagesperso-orange.fr,Male,83133
12,Emmie,Tyreman,etyremanb@arizona.edu,Female,61157
13,Giana,Cockerham,gcockerhamc@facebook.com,Female,23820
14,Marin,Sandom,msandomd@technorati.com,Genderqueer,70053
15,Janek,Heavyside,jheavysidee@cam.ac.uk,Male,66864
16,Craggy,Bernli,cbernlif@sogou.com,Male,67932
17,Deloris,Baddam,dbaddamg@github.io,Genderfluid,37704
18,Basile,McGrath,bmcgrathh@jigsy.com,Male,82805
19,Lucine,Gaspar,lgaspari@a8.net,Female,57477
20,Marshal,O'Shea,mosheaj@accuweather.com,Male,39275
21,Griswold,Downage,gdownagek@tuttocitta.it,Male,40388
22,George,Maykin,gmaykinl@surveymonkey.com,Female,75051
23,Read,Orridge,rorridgem@bizjournals.com,Male,26991
24,Travis,Fairclough,tfaircloughn@free.fr,Male,45685
25,Liana,Cristofari,lcristofario@youtube.com,Female,61255
26,Findley,Straw,fstrawp@earthlink.net,Male,46007
27,Delbert,Goodwyn,dgoodwynq@wikimedia.org,Male,72975
28,Fawnia,Mullender,fmullenderr@sun.com,Female,24868
29,Agustin,Farrimond,afarrimonds@army.mil,Male,69268
30,Marlo,Stringfellow,mstringfellowt@tripod.com,Male,67887
31,Winslow,Laver,wlaveru@bloglovin.com,Male,48135
32,Aurilia,Plackstone,aplackstonev@friendfeed.com,Female,12545
33,Raynor,Karlowicz,rkarlowiczw@studiopress.com,Male,44830
34,Zerk,Gammage,zgammagex@google.ca,Male,9799
35,Kahlil,Prue,kpruey@sphinn.com,Male,78896
36,Tadio,Chastaing,tchastaingz@soundcloud.com,Male,82549
37,Electra,McGeechan,emcgeechan10@apache.org,Female,34353
38,Francklyn,Beeke,fbeeke11@ameblo.jp,Bigender,67291
39,Gav,McLice,gmclice12@forbes.com,Male,67889
40,Bren,Gillani,bgillani13@unesco.org,Female,40904
41,Ellsworth,Slayny,eslayny14@senate.gov,Male,31685
42,Timoteo,Mirams,tmirams15@soundcloud.com,Non-binary,8167
43,Katrinka,Witherup,kwitherup16@mayoclinic.com,Female,66217
44,Elmore,Villar,evillar17@cargocollective.com,Male,44313
45,Adah,Boak,aboak18@yahoo.com,Female,32667
46,Hasheem,Loveman,hloveman19@lycos.com,Male,75254
47,Eziechiele,Jakeman,ejakeman1a@google.fr,Male,35534
48,Natala,Landes,nlandes1b@mayoclinic.com,Female,73013
49,Robenia,Domini,rdomini1c@ihg.com,Agender,4607
50,Elizabeth,Fairall,efairall1d@dagondesign.com,Female,53931
